subject_id,trials_used,alpha,lambda,beta_mb,beta_mf,beta2,stickiness,beta1_stage1,w_hybrid
sub1,191,0.45612078,0.26334978,4.1051163,2.7860536,6.5102056,-0.038190844,6.8911698999999995,0.5957067318859748
sub10,191,0.53506072,0.03423829,0.40149576,0.24995481,2.098365,-0.093841303,0.65145057,0.6163103978863661
sub100,183,0.23364042,0.016824748,1.0329672,2.0224349,1.460493,0.93884547,3.0554021000000002,0.33807897166791895
sub101,191,0.86161716,0.021237598,1.3213506,3.0139289,2.2882399,2.2632592,4.3352794999999995,0.30479017558152827
sub102,146,0.05850038,0.057438617,1.5949935,4.1632647,1.6542859,-0.57882992,5.7582582,0.2769923550840426
sub103,177,0.80104352,0.047717364,1.5906169,4.0817414,0.30669965,1.0695401,5.6723583,0.28041544907344795
sub104,191,0.7451568,0.014195131,6.1935627,2.6476258,5.5537258,1.7662096,8.841188500000001,0.7005350807756219
sub105,191,0.62914056,0.063132846,2.694126,1.6684571,4.3720718,2.6584098,4.3625831,0.6175529355532505
sub106,183,0.00096894525,0.39682597,2.004535,1.969574,1.9232594,1.1201096,3.9741090000000003,0.5043985960123388
sub107,190,0.52600748,0.22939143,1.1895688,1.1091745,2.8978479,0.66783211,2.2987433,0.5174865762523375
sub108,191,0.85070745,0.66050751,0.59947645,0.63239481,1.8135896,0.23578689,1.2318712600000001,0.48663887978034326
sub109,190,0.2701108,0.94054425,2.89634,0.99326904,4.9122877,1.009256,3.88960904,0.7446352500250256
sub11,180,0.80940333,0.037566735,0.81478849,1.1997197,0.9324084,-0.52793621,2.01450819,0.4044602519089287
sub110,187,0.87183938,0.065144404,0.48781161,0.68286154,1.6451503,-0.28775955,1.17067315,0.41669325891688896
sub111,189,0.91681969,0.20694405,5.6552774,1.0017184,2.9745009,1.0457199,6.6569958,0.8495239549347471
sub112,191,0.50637939,0.88747485,1.5413361,1.9504698,0.63025897,-0.35142409,3.4918059,0.4414151714446671
sub113,188,0.39479437,0.790823,1.4948386,0.81071691,0.63371324,0.21461808,2.30555551,0.6483637429315245
sub114,191,0.5373639,0.4781123,1.988093,2.0513399,3.6258645,7.064486,4.0394328999999995,0.49217131444366863
sub115,189,0.3756429,0.23304291,4.3455305,2.941021,7.0298233,0.83781354,7.2865515,0.5963768320308996
sub116,188,0.6378245,0.11553772,7.0137574,2.3052564,4.5741284,1.3626188,9.3190138,0.7526287170000757
sub117,189,0.59048877,0.69134795,2.2820654,1.7186791,4.0015452,1.2367825,4.0007445,0.5704101824047999
sub118,191,0.68574704,0.04206136,4.7614358,1.3000918,4.4088974,1.4743822,6.0615276,0.7855174659272359
sub119,190,0.87891286,0.016087288,3.8482621,0.73878715,3.1221322,0.73246651,4.58704925,0.8389406544959159
sub12,191,0.67717408,0.21400419,3.9569463,1.6824315,3.7204068,1.2970378,5.6393778,0.7016636303387938
sub120,189,0.81210955,0.16032195,1.5193451,1.5628896,1.1549829,0.04548184,3.0822347,0.49293621280689626
sub121,184,0.22215801,0.042146961,1.107357,1.0066351,1.1991224,0.019850386,2.1139921,0.5238226765369652
sub122,190,0.7065982,0.020084487,2.3356826,2.4327625,4.7899866,1.7091615,4.7684451,0.4898205916222041
sub123,191,0.61432194,0.33439007,1.6359973,1.5865861,2.5107727,1.841038,3.2225834000000004,0.5076663958487466
sub124,191,0.39099412,0.14524374,1.7382711,3.3069088,4.2197404,1.4793036,5.0451799,0.3445409548230381
sub125,187,0.15458332,0.07019257,1.9981793,2.8503186,3.9198968,3.0929931,4.8484979,0.41212337124040005
sub126,190,0.81954148,0.033754178,1.8664642,0.72861245,2.8480259,2.890736,2.59507665,0.7192327825846685
sub127,191,0.26744168,0.022848387,3.4111893,2.0808519,3.8024674,1.8144469,5.4920412,0.6211150236819054
sub128,188,0.017754,0.71167994,1.7234825,2.2705045,1.9666844,-0.13758362,3.9939869999999997,0.4315193063973418
sub129,191,0.37228822,0.38850199,2.2328614,2.8280268,3.2694122,0.91883901,5.0608882,0.44119951118461775
sub13,185,0.081161289,0.045556434,1.9439921,5.8161344,2.8476776,0.55929727,7.7601265,0.2505103621699981
sub130,189,0.86229059,0.033259572,6.8346758,2.5409925,3.128235,0.52299169,9.375668300000001,0.7289801197425041
sub131,191,0.72057574,0.36569279,1.7069827,1.6311844,3.0894513,2.108693,3.3381670999999997,0.5113532812662375
sub132,189,0.85845603,0.016052972,3.7760846,0.99618035,3.2456068,0.57176183,4.77226495,0.7912562775878568
sub133,191,0.95607038,0.030223952,3.9492675,1.8310253,3.1767452,0.95731976,5.7802928,0.6832296626911356
sub134,151,0.09313657,0.033867181,2.4482652,5.7987707,3.7203738,0.13519709,8.2470359,0.2968660776655525
sub135,189,0.99384939,0.054546147,4.7691414,1.1549392,2.8031411,0.34003591,5.9240806,0.8050433007275424
sub136,191,0.3935224,0.31815507,4.0308842,1.2030486,4.2609374,1.516323,5.2339328,0.7701444313537996
sub137,179,0.76350725,0.018823201,0.6334965,0.41479448,2.3326491,0.80943614,1.04829098,0.6043136038430856
sub138,190,0.85269539,0.10069763,1.6510275,4.4206363,1.8180445,1.2899564,6.0716638,0.2719234059039962
sub139,191,0.58142815,0.044401423,4.9769942,3.2239614,3.9679232,1.7672006,8.2009556,0.606879788496843
sub14,187,0.63912499,0.31857336,2.749073,2.9312823,3.8815081,0.97622838,5.6803553,0.48396145220000586
sub140,187,0.9835913,0.029008473,2.0265224,0.95463895,2.6030294,3.4815373,2.9811613500000003,0.6797761550209284
sub141,183,0.16471412,0.7881955,1.6061911,2.0351109,2.7535793,0.69723898,3.6413019999999996,0.44110351187569724
sub142,191,0.54965058,0.25049417,0.78382943,0.44233962,1.7631701,1.4637538,1.22616905,0.6392507052759161
sub143,190,0.37931177,0.4609731,10.484857,2.4959926,5.9460021,1.9156798,12.980849599999999,0.8077173161300629
sub144,188,0.34401073,0.96874753,1.6707996,2.8355585,3.9489632,1.5058216,4.5063581,0.37076494209370536
sub145,191,0.56754969,0.26562206,2.9219134,2.9327497,3.7366222,2.0582588,5.8546631,0.4990745581927678
sub146,177,0.087363532,0.04352168,2.815821,2.387681,1.5960181,0.13251746,5.203502,0.5411396017528195
sub147,191,0.53898031,0.17620685,2.7076704,2.1676806,1.6603481,0.75449524,4.875351,0.5553795819008723
sub148,191,0.21875998,0.62383196,2.4961938,2.9462303,5.4699167,1.8946509,5.4424241,0.4586547748088944
sub149,191,0.4145427,0.41520582,4.4125952,2.3848539,3.5667724,0.77201026,6.7974491,0.6491545777076875
sub15,190,0.58429282,0.030255492,2.2849045,0.54124862,0.6487378,0.43873531,2.82615312,0.808485741211361
sub150,191,0.30721358,0.92517002,4.1053208,1.9278504,5.4872695,0.90370514,6.0331712,0.680458197506479
sub151,191,0.43265303,0.17312685,1.8114182,1.3666537,2.466409,3.6711038,3.1780719,0.5699739518165087
sub16,191,0.51564913,0.043146164,2.3456756,1.149779,6.1259212,3.3544858,3.4954546,0.6710645304905405
sub17,187,0.92326798,0.025693035,0.9911434,2.5060825,0.72667644,0.7783419,3.4972259,0.2834084581153308
sub18,171,0.53825213,0.10524632,0.98330077,0.58939923,2.2286532,0.54720649,1.5727000000000002,0.6252309849303744
sub19,191,0.768659,0.021600376,2.9377827,1.5919313,1.9380421,1.0317365,4.529714,0.6485580988115365
sub2,191,0.62947193,0.23039432,1.1381141,1.9857288,2.567421,0.42677415,3.1238428999999996,0.3643314137212214
sub20,171,0.0018572307,0.37428563,1.9652637,1.9609765,1.9664156,0.1522744,3.9262401999999996,0.500545967615532
sub21,191,0.40204807,0.19009297,3.2939506,2.899824,4.3798636,0.23826554,6.1937746,0.5318163499201278
sub22,191,0.62566402,0.74033046,5.8163672,0.7319836,2.7923414,0.89297849,6.5483508,0.8882186336138254
sub23,191,0.49904848,0.0156849,3.1770868,2.0745052,2.7559172,2.2443928,5.2515920000000005,0.6049759387248667
sub24,189,0.56600019,0.13845787,1.0011227,1.6845013,1.7392946,0.34672648,2.685624,0.37277098357774585
sub25,182,0.26669732,0.090342181,0.94888372,2.0452434,1.2109791,0.16549392,2.99412712,0.316914974538556
sub26,186,0.40431332,0.011459124,0.8356316,2.6932512,0.91787807,0.11089819,3.5288828000000003,0.23679777633873247
sub27,191,0.52858598,0.23655645,3.3772379,3.5042553,6.0519716,2.1164544,6.8814931999999995,0.4907710872983207
sub28,190,0.17142072,0.83758708,2.9752772,2.8060331,2.727929,0.14282522,5.7813102999999995,0.5146371748978774
sub29,175,0.62288273,0.8657804,1.1601372,0.59490027,1.0557689,-0.015992789,1.75503747,0.6610327242756817
sub3,188,0.53333862,0.88823667,0.93362918,0.62652705,1.702807,0.60675551,1.56015623,0.5984203133297746
sub30,190,0.82193417,0.19209351,1.4869967,0.46491565,1.5358076,-0.20679303,1.95191235,0.7618153038480442
sub31,188,0.24545081,0.025548729,2.1668734,0.93668933,1.5795065,-0.3558671,3.10356273,0.6981890132441434
sub32,178,0.14240064,0.77499441,3.1799137,1.8077694,2.0341675,0.82015721,4.9876831,0.6375532759890058
sub33,189,0.15653895,0.74922459,1.1945134,1.8216534,2.0757991,0.75682366,3.0161667999999997,0.3960369167912067
sub34,188,0.41070567,0.2376804,1.8619822,1.1271291,4.1072416,1.803568,2.9891113000000002,0.6229216690592952
sub35,190,0.53986884,0.029497524,4.290228,2.0251194,4.231071,1.1253392,6.3153474,0.6793336499588288
sub36,186,0.61193592,0.031202921,2.8430984,1.5140339,3.284029,0.41040208,4.3571323,0.6525159678993452
sub37,190,0.50639129,0.04354203,0.65388034,1.106012,2.0359835,0.073324378,1.75989234,0.3715456480707223
sub38,184,0.52121383,0.092157338,0.58071024,0.87377936,0.45808964,0.29498131,1.4544896,0.39925362133905945
sub39,191,0.3138633,0.54732348,1.2184068,2.9997481,5.0865357,0.38511072,4.2181549,0.2888482829305296
sub4,187,0.54994941,0.14250178,1.7194881,1.9554134,1.7047095,1.0775682,3.6749015,0.4679004593728567
sub40,189,0.66291385,0.051490255,2.0940604,0.48860191,1.99714,0.11699191,2.58266231,0.8108146356927322
sub41,161,0.094777324,0.28216369,1.7513509,1.6578835,2.3310097,-0.12483334,3.4092344,0.5137079750221927
sub42,186,0.4829142,0.27869815,2.3786733,0.99770731,3.0444561,1.5303959,3.37638061,0.7045038977403676
sub43,191,0.50766068,0.070736337,1.9618412,1.4188632,2.3138049,0.75994723,3.3807044,0.5803054535025305
sub44,185,0.051943325,0.033297904,1.4484189,2.6623887,2.6502345,-0.56500575,4.1108076,0.3523441233299267
sub45,163,0.19011415,0.309098,1.2308773,1.3164153,0.90328601,0.25910846,2.5472926,0.4832100167840946
sub46,190,0.0195112,0.88203237,1.932604,2.9360649,2.0254191,0.08846352,4.868668899999999,0.3969470998531036
sub47,181,0.48751537,0.022942962,2.7460405,1.5824443,3.3559713,0.62333497,4.3284848,0.6344114919844468
sub48,187,0.53390307,0.2669233,0.93699199,0.73892508,0.8528978,0.52698794,1.6759170700000001,0.559092097558264
sub49,190,0.5430322,0.097536787,2.5873716,1.4079464,3.6944806,1.6445027,3.995318,0.6476009168732001
sub5,161,0.38204771,0.016695027,1.9798826,3.5458348,2.4932553,0.81667272,5.5257174000000004,0.3583032675540012
sub50,187,0.67028869,0.091354349,4.6900166,1.657555,3.383538,1.2193021,6.3475716,0.7388678530227213
sub51,188,0.36731307,0.53763347,0.80042677,0.99206874,1.2261939,-0.02370031,1.79249551,0.446543249639716
sub52,181,0.022721908,0.76268172,2.5179861,5.9888871,8.5137255,1.056126,8.506873200000001,0.2959943143386691
sub53,190,0.67728166,0.14960933,3.9350619,1.5798674,2.255283,1.1959991,5.5149293,0.7135289839527045
sub54,185,0.60666314,0.047742665,2.8872175,1.6441568,2.1823266,0.88913952,4.5313743,0.637161556042722
sub55,187,0.93810717,0.26646534,3.3244237,0.67197017,2.3048891,0.49347857,3.9963938700000003,0.8318558701022128
sub56,191,0.59735795,0.016257146,3.4402343,1.6765133,4.3485907,0.970624,5.1167476,0.6723478601915014
sub57,191,0.84459737,0.092486096,2.2557903,0.38206404,2.3678682,-0.1605216,2.63785434,0.8551610548746221
sub58,189,0.5539616,0.38941268,2.5348873,1.0293478,3.0355742,0.24074839,3.5642351,0.711200924989488
sub59,191,0.57313292,0.14277342,3.9025515,1.0338465,3.0062778,0.57609381,4.936398,0.7905666236798573
sub6,191,0.75360076,0.32743921,2.49352,1.4611384,2.9993909,1.4071523,3.9546584000000005,0.6305272789174408
sub60,177,0.26438468,0.011235066,2.9883466,2.1596694,2.7781978,0.68908451,5.148016,0.580485103387402
sub61,179,0.75743992,0.21358196,1.0095328,1.927585,1.3176101,0.26856838,2.9371178000000002,0.34371546146361576
sub62,191,0.17151049,0.95150298,2.7293659,2.2027156,4.7599022,1.6420954,4.9320815,0.553390267374941
sub63,191,0.56952282,0.66449758,1.2688284,1.6190299,4.2465148,1.187725,2.8878583,0.43936657141383983
sub64,177,0.89902088,0.10557625,0.99368489,0.35615827,1.036337,0.48998554,1.34984316,0.736148405567355
sub65,189,0.93095683,0.075209911,6.568759,2.1021678,3.56002,0.54653382,8.6709268,0.7575613485746414
sub66,190,0.10568022,0.75596518,3.5391976,2.9783704,8.4418888,2.4065823,6.517568000000001,0.5430242691752506
sub67,191,0.63618052,0.057994738,6.8955926,1.3118969,4.0797141,2.3752103,8.2074895,0.8401585649302384
sub68,188,0.58218144,0.53588663,2.7493536,2.3504328,3.1489165,0.3322715,5.0997864,0.5391115204354441
sub69,191,0.57023302,0.030035929,4.5651331,2.9232753,5.1884266,1.3496457,7.488408399999999,0.6096266197233581
sub7,191,0.39931332,0.045157082,2.3006216,1.8120883,3.741545,1.582929,4.1127099000000005,0.5593931145009765
sub70,191,0.9455307,0.013491899,0.70030651,0.95769212,1.8585187,-0.68777415,1.65799863,0.4223806324858061
sub71,189,0.53667346,0.072887243,3.2132042,3.7499653,3.6762844,1.8077376,6.963169499999999,0.4614571281081123
sub72,191,0.50902475,0.27271105,3.5233252,2.116807,5.420526,2.7797856,5.6401322,0.6246884071263435
sub73,190,0.78755888,0.02240829,0.95480254,3.0604448,4.6749444,1.4033993,4.01524734,0.2377942027352168
sub74,190,0.54619512,0.90031478,2.0067518,2.686784,3.0233334,1.9067192,4.693535799999999,0.4275565129384973
sub75,184,0.41806727,0.017332681,6.057887,2.4050221,3.9547478,1.2980472,8.462909100000001,0.7158161488465
sub76,187,0.79772769,0.15549284,0.8400134,1.5155139,1.7981763,0.28863587,2.3555273,0.35661373994689005
sub77,191,0.8656418,0.010675033,1.1157778,1.0545364,2.0785969,1.0835225,2.1703142,0.5141088787973649
sub78,190,0.59696477,0.033898058,1.1335995,1.3354414,1.5151196,-0.10597433,2.4690409,0.4591254442160112
sub79,191,0.63206528,0.38848877,2.5587155,1.9386975,1.152809,1.088804,4.497413,0.5689305162768018
sub8,191,0.90300366,0.26026173,2.870608,0.79217466,2.4066411,0.64597025,3.66278266,0.7837232690186428
sub80,187,0.60726598,0.66028395,2.7930253,1.5305749,1.1437338,0.15237957,4.3236002,0.6459952749562737
sub81,191,0.56308951,0.18244031,2.3550801,1.3056266,3.3785605,1.388945,3.6607067,0.6433402872729465
sub82,191,0.87958085,0.023739848,1.9827333,0.75954077,2.02434,0.21427002,2.74227407,0.7230252153461816
sub83,188,0.74586434,0.82445578,1.1976546,0.83007116,1.3820017,1.1580257,2.02772576,0.5906393377376632
sub84,189,0.76862865,0.024786603,1.1470029,0.85297242,1.7567424,1.8107826,1.99997532,0.5735085270952244
sub85,189,0.8122393,0.059036037,3.2374103,1.6740177,1.8781328,0.99778157,4.911428,0.6591586601697104
sub86,190,0.14937252,0.52353275,2.0504294,3.8964772,1.1900376,0.63384004,5.9469066,0.3447892388288056
sub87,187,0.010720696,0.15948094,1.9514563,1.961119,1.896519,-0.078103781,3.9125753000000003,0.4987651739252149
sub88,191,0.62030277,0.12602546,6.2420038,2.7656035,3.7079772,1.4444134,9.0076073,0.69297024083188
sub89,183,0.067616926,0.47802684,2.4047074,5.1836419,4.3949111,0.7971598,7.588349299999999,0.3168946637709469
sub9,156,0.054761082,0.77246472,1.4058456,1.8999462,1.5452007,1.5668277,3.3057917999999997,0.42526743517241467
sub90,188,0.92076815,0.051215935,1.2475146,0.26298579,1.7316459,1.3516116,1.5105003899999998,0.8258949208215697
sub91,189,0.053271632,0.172921,2.6224609,3.0030367,5.8412963,1.9296484,5.6254976,0.46617403232026977
sub92,185,0.46778014,0.32222749,1.3983355,1.1036892,2.5341127,0.99208633,2.5020246999999998,0.5588815729916655
sub93,180,0.088457775,0.44723895,2.1899389,1.6562746,0.93262158,-0.32649081,3.8462135,0.5693752829893608
sub94,187,0.81140448,0.24537903,4.5664484,1.9174655,3.2992228,1.3459262,6.483913899999999,0.7042734481714817
sub95,190,0.20420381,0.91520346,2.8739383,2.1524132,4.7677215,1.2507155,5.0263515,0.5717742382322446
sub96,184,0.21827049,0.018036181,1.2285068,1.4264821,1.240349,-0.71605878,2.6549889,0.46271636013242834
sub97,186,0.82827894,0.152632,2.7008931,1.1103179,1.5919972,0.7267383,3.811211,0.7086705774096475
sub98,191,0.17487516,0.1536644,2.0771104,2.033017,4.7469258,1.3007418,4.1101274,0.505363994313169
sub99,189,0.81547579,0.30837938,2.2576614,0.79989678,1.0272815,0.70698789,3.05755818,0.7383870615341814
